Papel;Nome Comercial;Razão Social
AALR3;ALLIAR;CENTRO DE IMAGEM DIAGNOSTICOS S.A.
ABCB3;ABC Brasil;BANCO ABC BRASIL S/A
ABCB4;ABC Brasil;BANCO ABC BRASIL S/A
ABEV3;AMBEV S/A;AMBEV S.A.
ABRE3;SOMOS EDUCA;SOMOS EDUCAÇÃO S.A.
ABYA3;ABYARA;ABYARA PLANEJAMENTO IMOBILIARIO S.A.
ACES3;ARCELORMITTAL INOX BRASIL;ARCELORMITTAL INOX BRASIL S.A.
ACES4;ARCELORMITTAL INOX BRASIL;ARCELORMITTAL INOX BRASIL S.A.
ADHM3;ADVANCED-DH;ADVANCED DIGITAL HEALTH MEDICINA PREVENTIVA S.A.
AEDU11;ANHANGUERA EDUCACIONAL PARTICIPAÇÕES SA;ANHANGUERA EDUCACIONAL PARTICIPAÇÕES S.A
AEDU3;ANHANGUERA EDUCACIONAL PARTICIPAÇÕES SA;ANHANGUERA EDUCACIONAL PARTICIPAÇÕES S.A
AELP3;AES ELPA;AES ELPA SA
AERI3;AERIS;AERIS IND. E COM. DE EQUIP. GERACAO DE ENERGIA S/A
AESB3;AES BRASIL;AES BRASIL ENERGIA S.A.
AESL3;AES SUL DISTRIB. GAÚCHA DE ENERGIA S.A.;AES SUL DISTRIB. GAÚCHA DE ENERGIA S.A.
AESL4;AES SUL DISTRIB. GAÚCHA DE ENERGIA S.A.;AES SUL DISTRIB. GAÚCHA DE ENERGIA S.A.
AFLT3;AFLUENTE T;AFLUENTE TRANSMISSÃO DE ENERGIA ELÉTRICA S/A
AFLU3;AFLUENTE;AFLUENTE GER.E TRANSM.ENERG.ELETR. S.A.
AFLU5;AFLUENTE;AFLUENTE GER.E TRANSM.ENERG.ELETR. S.A.
AGEI3;AGRE EMP IMOB;AGRE EMPREENDIMENTOS IMOBILIÁRIOS S.A.
AGEN33;Agrenco;AGRENCO LTD.
AGIN3;Agra Incorp;AGRA EMPREENDIMENTOS IMOBILIÁRIOS S/A
AGRO3;BRASILAGRO;BRASILAGRO - CIA BRAS DE PROP AGRICOLAS
AHEB3;PARQUE ANHEMBI;SAO PAULO TURISMO S.A.
AHEB5;PARQUE ANHEMBI;SAO PAULO TURISMO S.A.
AHEB6;PARQUE ANHEMBI;SAO PAULO TURISMO S.A.
ALBA3;DANA-ALBARUS S/A INDÚSTRIA E COMÉRCIO;DANA-ALBARUS S.A. INDÚSTRIA E COMÉRCIO
ALLD3;ALLIED;ALLIED TECNOLOGIA S.A.
ALLL11;RUMO S.A.;RUMO S.A.
ALLL3;RUMO S.A.;RUMO S.A.
ALLL4;RUMO S.A.;RUMO S.A.
ALPA3;ALPARGATAS;SAO PAULO ALPARGATAS SA
ALPA4;ALPARGATAS;SAO PAULO ALPARGATAS SA
ALPK3;ESTAPAR;ALLPARK EMPREENDIMENTOS PARTICIPACOES SERVICOS S.A
ALSC3;ALIANSCE;ALIANSCE SHOPPING CENTERS S.A.
ALSO3;ALIANSCSONAE;ALIANSCE SONAE SHOPPING CENTERS S.A.
ALUP11;ALUPAR;ALUPAR INVESTIMENTOS S/A
ALUP3;ALUPAR;ALUPAR INVESTIMENTOS S/A
ALUP4;ALUPAR;ALUPAR INVESTIMENTOS S/A
AMAR3;LOJAS MARISA;MARISA LOJAS S.A.
AMBP3;AMBIPAR;AMBIPAR PARTICIPACOES E EMPREENDIMENTOS S/A
AMBV3;AMBEV;COMPANHIA DE BEBIDAS DAS AMÉRICAS-AMBEV
AMBV4;AMBEV;COMPANHIA DE BEBIDAS DAS AMÉRICAS-AMBEV
AMIL3;AMIL;AMIL PARTICIPAÇÕES S/A
AMPI3;AMPLA INVEST;AMPLA INVESTIMENTOS E SERVICOS S.A.
ANIM3;ANIMA;GAEC EDUCAÇÃO S.A.
AORE3;ADVANCED-DH;ADVANCED DIGITAL HEALTH MEDICINA PREVENTIVA S.A.
APER3;ALPER S.A.;ALPER CONSULTORIA E CORRETORA DE SEGUROS S.A.
APTI4;ALIPERTI;SIDERURGICA J L ALIPERTI SA
ARCE3;BELGO;COMPANHIA SIDERÚRGICA BELGO-MINEIRA
ARCZ3;ARACRUZ CELULOSE SA;ARACRUZ CELULOSE S/A
ARCZ6;ARACRUZ CELULOSE SA;ARACRUZ CELULOSE S/A
ARLA3;ARTHUR LANGE;ARTHUR LANGE SA IND E COM
ARLA4;ARTHUR LANGE;ARTHUR LANGE SA IND E COM
ARPS3;DOUAT CIA TEXTIL;DOUAT CIA TEXTIL
ARPS4;DOUAT CIA TEXTIL;DOUAT CIA TEXTIL
ARTE3;KUALA S.A.;KUALA SA
ARTE4;KUALA S.A.;KUALA SA
ARTR3;ARTERIS;ARTERIS S.A.
ARZZ3;AREZZO CO;AREZZO INDÚSTRIA E COMÉRCIO S.A.
ASAI3;ASSAI;SENDAS DISTRIBUIDORA S.A.
ASSM3;HOTEIS ELDORADO;COMPANHIA ELDORADO DE HOTEIS
ASSM4;HOTEIS ELDORADO;COMPANHIA ELDORADO DE HOTEIS
ASTA4;SANTISTA TÊXTIL S.A.;SANTISTA TEXTIL SA
ATMP3;ATMASA;ATMA PARTICIPAÇÕES S.A.
ATOM3;ATOMPAR;ATOM PARTICIPACOES S.A.
AURA32;AURA 360;AURA MINERALS INC.
AURA33;AURA 360;AURA MINERALS INC.
AUTM3;AUTOMETAL;AUTOMETAL S.A.
AVIL3;ACOS VILLARES;AÇOS VILLARES SA
AVLL3;ALPHAVILLE;ALPHAVILLE S.A.
AZEV3;AZEVEDO & TRAVASSOS;AZEVEDO & TRAVASSOS SA
AZEV4;AZEVEDO & TRAVASSOS;AZEVEDO & TRAVASSOS SA
AZUL4;AZUL;AZUL S.A.
B3SA3;B3;B3 S.A. - BRASIL, BOLSA, BALCÃO
BAHI11;BAHEMA;BAHEMA SA
BAHI3;BAHEMA;BAHEMA SA
BAHI4;BAHEMA;BAHEMA SA
BAHI5;BAHEMA;BAHEMA SA
BALM3;BAUMER;BAUMER SA
BALM4;BAUMER;BAUMER SA
BAUH4;EXCELSIOR;EXCELSIOR ALIMENTOS SA.
BAZA3;BANCO DA AMAZONIA S.A.;BANCO DA AMAZÔNIA S.A.
BBAS3;BANCO DO BRASIL S.A.;BANCO DO BRASIL S.A.
BBDC3;BANCO BRADESCO S.A.;BANCO BRADESCO SA
BBDC4;BANCO BRADESCO S.A.;BANCO BRADESCO SA
BBRK3;BR Brokers;BRASIL BROKERS PARTICIPAÇÕES SA
BBSE3;BBSEGURIDADE;BB SEGURIDADE PARTICIPAÇÕES S.A.
BBTG11;BTG PACTUAL UNITS;Units BTG PACTUAL
BBTG12;BTG PACTUAL;BTG PACTUAL PARTICIPATIONS. LTD.
BBTG13;BTG PACTUAL;BTG PACTUAL PARTICIPATIONS. LTD.
BCAL6;PRO METALURG;PRÓ METALURGIA S.A.
BDLL3;BAEDELLA;BARDELLA SA INDS MECANICAS
BDLL4;BAEDELLA;BARDELLA SA INDS MECANICAS
BECE3;BEC;BANCO DO ESTADO DO CEARA S/A BEC
BECE4;BEC;BANCO DO ESTADO DO CEARA S/A BEC
BEEF3;Minerva;MINERVA S/A
BEES3;BANESTES S/A;BANESTES SA BANCO ESTADO ESPIRITO SANTO
BEES4;BANESTES S/A;BANESTES SA BANCO ESTADO ESPIRITO SANTO
BELG3;BELGO;COMPANHIA SIDERÚRGICA BELGO-MINEIRA
BELG4;BELGO;COMPANHIA SIDERÚRGICA BELGO-MINEIRA
BEMA3;Bematech;BEMATECH IND COM EQUIP ELETRONICOS SA
BERG3;BERGAMO;BERGAMO CIA INDUSTRIAL
BESP3;BANESPA;BANCO DO ESTADO DE SAO PAULO S.A. - BANESPA
BESP4;BANESPA;BANCO DO ESTADO DE SAO PAULO S.A. - BANESPA
BFIT3;BANCO SUDAMERIS BRASIL SA;BANCO SUDAMERIS BRASIL SA
BFIT4;BANCO SUDAMERIS BRASIL SA;BANCO SUDAMERIS BRASIL SA
BGIP3;BANESE;BANCO ESTADO SERGIPE SA
BGIP4;BANESE;BANCO ESTADO SERGIPE SA
BHGR3;BHG;BHG S.A. - BRAZIL HOSPITALITY GROUP
BICB3;BicBanco;BANCO INDUSTRIAL E COMERCIAL S/A
BICB4;BicBanco;BANCO INDUSTRIAL E COMERCIAL S/A
BIDI11;BANCO INTER;BANCO INTER S.A.
BIDI3;BANCO INTER;BANCO INTER S.A.
BIDI4;BANCO INTER;BANCO INTER S.A.
BIOM3;BIOMM SA;BIOMM SA
BIOM4;BIOMM SA;BIOMM SA
BISA3;BROOKFIELD INCORPORACOES;BROOKFIELD INCORPORACOES S.A.
BKBR3;BK BRASIL;BK BRASIL OPERAÇÃO E ASSESSORIA A RESTAURANTES SA
BLAU3;BLAU;BLAU FARMACÊUTICA S.A.
BMEB3;BANCO MERCANTIL DO BRASIL S/A;BANCO MERCANTIL BRASIL SA
BMEB4;BANCO MERCANTIL DO BRASIL S/A;BANCO MERCANTIL BRASIL SA
BMEF3;BMF;BOLSA DE MERCADORIAS & FUTUROS - BM&F S/A
BMGB11;BANCO BMG;BANCO BMG S.A.
BMGB4;BANCO BMG;BANCO BMG S.A.
BMIN3;BANCO MERCANTIL DE INVESTIMENTOS SA;BCO MERCANTIL INVS SA
BMIN4;BANCO MERCANTIL DE INVESTIMENTOS SA;BCO MERCANTIL INVS SA
BMKS3;MONARK;BICICLETAS MONARK SA
BMOB3;BEMOBI TECH;BEMOBI MOBILE TECH S.A.
BMTO3;BRASMOTOR S.A;BRASMOTOR SA
BMTO4;BRASMOTOR S.A;BRASMOTOR SA
BNBR3;BANCO DO NORDESTE;BANCO DO NORDESTE DO BRASIL SA
BNBR4;BANCO DO NORDESTE;BANCO DO NORDESTE DO BRASIL SA
BNCA3;NOSSA CAIXA-NOSSO BANCO;BANCO NOSSA CAIXA S.A.
BOAS3;BOA VISTA;BOA VISTA SERVIÇOS S.A.
BOBR3;BOMBRIL SA;BOMBRIL SA
BOBR4;BOMBRIL SA;BOMBRIL SA
BOVH3;Bovespa Hld;BOVESPA HOLDING SA
BPAC11;BTGP BANCO;BCO BTG PACTUAL S.A.
BPAC3;BTGP BANCO;BCO BTG PACTUAL S.A.
BPAC5;BTGP BANCO;BCO BTG PACTUAL S.A.
BPAN4;BANCO PAN;BCO PAN S.A.
BPAR3;BANPARÁ S.A.;BANCO ESTADO PARA SA
BPAT33;Patagonia;BANCO PATAGONIA SA
BPHA3;BRAZIL PHARMA S.A.;BR PHARMA
BPIA3;BEP;BANCO DO ESTADO DO PIAUÍ S.A.
BPNM3;BANCO PAN;BCO PAN S.A.
BPNM4;BANCO PAN;BCO PAN S.A.
BRAP3;BRADESPAR S/A;BRADESPAR S/A
BRAP4;BRADESPAR S/A;BRADESPAR S/A
BRBI11;BR PARTNERS;BR ADVISORY PARTNERS PARTICIPAÇÕES S.A.
BRDT3;PETROBRAS BR;PETROBRAS DISTRIBUIDORA S/A
BRFS3;BRF Foods;BRF Foods
BRGE11;CONSORCIO ALFA;CONSORCIO ALFA DE ADMINISTRAÇÃO SA
BRGE12;CONSORCIO ALFA;CONSORCIO ALFA DE ADMINISTRAÇÃO SA
BRGE3;CONSORCIO ALFA;CONSORCIO ALFA DE ADMINISTRAÇÃO SA
BRGE5;CONSORCIO ALFA;CONSORCIO ALFA DE ADMINISTRAÇÃO SA
BRGE6;CONSORCIO ALFA;CONSORCIO ALFA DE ADMINISTRAÇÃO SA
BRGE7;CONSORCIO ALFA;CONSORCIO ALFA DE ADMINISTRAÇÃO SA
BRGE8;CONSORCIO ALFA;CONSORCIO ALFA DE ADMINISTRAÇÃO SA
BRIN3;ALPER S.A.;ALPER CONSULTORIA E CORRETORA DE SEGUROS S.A.
BRIV3;ALFA DE INVESTIMENTO;BANCO ALFA DE INVESTIMENTO SA
BRIV4;ALFA DE INVESTIMENTO;BANCO ALFA DE INVESTIMENTO SA
BRKM3;BRASKEM;BRASKEM S.A.
BRKM5;BRASKEM;BRASKEM S.A.
BRKM6;BRASKEM;BRASKEM S.A.
BRML3;BR MALLS PARTICIPAÇÔES S/A;BR MALLS PARTICIPACOES S.A.
BRPR3;BR PROPERTIES;BR PROPERTIES S.A.
BRSR3;BANRISUL S/A;BANCO DO ESTADO DO RIO GRANDE DO SUL SA
BRSR4;BANRISUL S/A;BANCO DO ESTADO DO RIO GRANDE DO SUL SA
BRSR5;BANRISUL S/A;BANCO DO ESTADO DO RIO GRANDE DO SUL SA
BRSR6;BANRISUL S/A;BANCO DO ESTADO DO RIO GRANDE DO SUL SA
BRTP3;BRASIL TELECOM PARTICIPAÇÕES S.A.;BRASIL TELECOM PARTICIPAÇÕES SA
BRTP4;BRASIL TELECOM PARTICIPAÇÕES S.A.;BRASIL TELECOM PARTICIPAÇÕES SA
BSCT3;BESC S.A.;BANCO DO ESTADO DE SANTA CATARINA SA
BSCT5;BESC S.A.;BANCO DO ESTADO DE SANTA CATARINA SA
BSCT6;BESC S.A.;BANCO DO ESTADO DE SANTA CATARINA SA
BSEV3;BIOSEV;BIOSEV S.A.
BSGR3;AGF BRASIL SEGUROS;AGF BRASIL SEGUROS SA
BSLI3;BRB;BRB-BANCO DE BRASILIA SA
BSLI4;BRB;BRB-BANCO DE BRASILIA SA
BTOW3;B2W - COMPANHIA GLOBAL DO VAREJO;B2W - COMPANHIA GLOBAL DO VAREJO
BTTL3;EMBPAR S/A;EMBPAR PARTICIPACOES S.A.
BTTL4;EMBPAR S/A;EMBPAR PARTICIPACOES S.A.
BUET3;BUETTNER S/A - INDUSTRIA E COMERCIO;BUETTNER SA IND E COMERCIO
BUET4;BUETTNER S/A - INDUSTRIA E COMERCIO;BUETTNER SA IND E COMERCIO
BVMF3;B3;B3 S.A. - BRASIL, BOLSA, BALCÃO
CAFE3;CAFE SOLUVEL BRASILIA S/A;CAFE SOLUVEL BRASILIA SA
CAFE4;CAFE SOLUVEL BRASILIA S/A;CAFE SOLUVEL BRASILIA SA
CALI3;CAL S/A;CONST ADOLPHO LINDENBERG SA
CALI4;CAL S/A;CONST ADOLPHO LINDENBERG SA
CAMB3;PENALTY;CAMBUCI SA
CAMB4;PENALTY;CAMBUCI SA
CAML3;CAMIL;CAMIL ALIMENTOS S.A.
CARD3;CSU CARDSYST;CSU CARDSYSTEM S.A.
CASH3;MELIUZ;MÉLIUZ S.A.
CASN3;CASAN;CIA CAT. DE ÁGUAS E SANEAMENTO - CASAN
CBEE3;AMPLA ENERG;AMPLA ENERGIA E SERVICOS S.A.
CBMA3;COBRASMA S/A;COBRASMA SA
CBMA4;COBRASMA S/A;COBRASMA SA
CCHI3;CHIARELLI;CERAMICA CHIARELLI SA
CCHI4;CHIARELLI;CERAMICA CHIARELLI SA
CCIM3;CC DES IMOB;CAMARGO CORREA DESENV. IMOBILIARIO S.A.
CCPR3;CYRELA COMMERCIAL PROPERTIES SA EMP PART;CYRELA COMMERCIAL PROPERTIES SA EMP PART
CCRO3;COMPANHIA DE CONCESSÕES RODOVIÁRIAS;COMPANHIA DE CONCESSÕES RODOVIÁRIAS
CCTU4;COMPANHIA BRASILEIRA DE CARTUCHOS - CBC;COMPANHIA BRASILEIRA DE CARTUCHOS - CBC
CCXC3;CCX CARVAO;CCX CARVÃO DA COLÔMBIA S.A.
CEAB3;CEA MODAS;CEA MODAS S.A.
CEBR3;CEB - COMPANHIA ENERGÉTICA DE BRASÍLIA;COMPANHIA ENERGÉTICA DE BRASÍLIA - CEB
CEBR5;CEB - COMPANHIA ENERGÉTICA DE BRASÍLIA;COMPANHIA ENERGÉTICA DE BRASÍLIA - CEB
CEBR6;CEB - COMPANHIA ENERGÉTICA DE BRASÍLIA;COMPANHIA ENERGÉTICA DE BRASÍLIA - CEB
CEDO3;CIA. DE FIAÇÃO E TECIDOS CEDRO CACHOEIRA;COMPANHIA DE FIACAO E TECIDOS CEDRO E CACHOEIRA
CEDO4;CIA. DE FIAÇÃO E TECIDOS CEDRO CACHOEIRA;COMPANHIA DE FIACAO E TECIDOS CEDRO E CACHOEIRA
CEEB3;COELBA;CIA ELETRICIDADE DA BAHIA
CEEB5;COELBA;CIA ELETRICIDADE DA BAHIA
CEED3;CEEE-D;CIA ESTADUAL DE DISTRIB ENER ELET-CEEE-D
CEED4;CEEE-D;CIA ESTADUAL DE DISTRIB ENER ELET-CEEE-D
CEGR3;CEG;CIA. DISTRIB. DE GÁS DO RIO DE JANEIRO
CELM3;CELM CIA EQUIP. DE LABORATORIOS MODERNOS;CELM CIA EQUIP LABS MODERNOS
CELP5;EQTL PARA;EQUATORIAL PARA DISTRIBUIDORA DE ENERGIA S.A.
CELP7;EQTL PARA;EQUATORIAL PARA DISTRIBUIDORA DE ENERGIA S.A.
CEPE3;CELPE;CIA ENERGÉTICA DE PERNAMBUCO - CELPE
CEPE5;CELPE;CIA ENERGÉTICA DE PERNAMBUCO - CELPE
CEPE6;CELPE;CIA ENERGÉTICA DE PERNAMBUCO - CELPE
CESP3;CESP CIA ENERGETICA SAO PAULO;CESP - COMPANHIA ENERGÉTICA DE SÃO PAULO
CESP4;CESP CIA ENERGETICA SAO PAULO;CESP - COMPANHIA ENERGÉTICA DE SÃO PAULO
CESP5;CESP CIA ENERGETICA SAO PAULO;CESP - COMPANHIA ENERGÉTICA DE SÃO PAULO
CESP6;CESP CIA ENERGETICA SAO PAULO;CESP - COMPANHIA ENERGÉTICA DE SÃO PAULO
CFLU4;COCA COLA;COMPANHIA FLUMINENSE DE REFRIGERANTES
CGAS3;COMPANHIA DE GÁS DE SÃO PAULO - COMGÁS;COMPANHIA DE GÁS DE SÃO PAULO - COMGÁS
CGAS5;COMPANHIA DE GÁS DE SÃO PAULO - COMGÁS;COMPANHIA DE GÁS DE SÃO PAULO - COMGÁS
CGOS3;CELG;COMPANHIA ENERGÉTICA DE GOIÁS - CELG
CGOS4;CELG;COMPANHIA ENERGÉTICA DE GOIÁS - CELG
CGRA3;GRAZZIOTIN;GRAZZIOTIN SA
CGRA4;GRAZZIOTIN;GRAZZIOTIN SA
CIEL3;CIELO;CIELO S.A.
CIQU3;CACIQUE;CIA CACIQUE CAFE SOLUVEL
CIQU4;CACIQUE;CIA CACIQUE CAFE SOLUVEL
CLAN3;CLARION;CLARION S.A. AGROINDUSTRIAL
CLAN4;CLARION;CLARION S.A. AGROINDUSTRIAL
CLSC3;CELESC;CENTRAIS ELETRICAS DE SANTA CATARINA S.A
CLSC4;CELESC;CENTRAIS ELETRICAS DE SANTA CATARINA S.A
CLSC5;CELESC;CENTRAIS ELETRICAS DE SANTA CATARINA S.A
CLSC6;CELESC;CENTRAIS ELETRICAS DE SANTA CATARINA S.A
CMET4;CAEMI;CAEMI MINERAÇÃO E METALURGIA S.A.
CMIG3;CEMIG;CIA ENERG MINAS GERAIS - CEMIG
CMIG4;CEMIG;CIA ENERG MINAS GERAIS - CEMIG
CMIN3;CSNMINERACAO;CSN MINERAÇÃO S.A.
CMMA4;CMA PARTICIPACOES SA;CMA PARTICIPAÇÕES SA
CNFB4;CONFAB;CONFAB INDUSTRIAL SA
CNTO3;GRUPO SBF;GRUPO SBF SA
COCE3;CIA ENERG CEARA - COELCE;CIA ENERG CEARA - COELCE
COCE5;CIA ENERG CEARA - COELCE;CIA ENERG CEARA - COELCE
COCE6;CIA ENERG CEARA - COELCE;CIA ENERG CEARA - COELCE
COGN3;COGNA;KROTON EDUCACIONAL S.A.
CORR3;CORREA RIBEIRO SA COM. IND.;CORREA RIBEIRO SA COM IND
CORR4;CORREA RIBEIRO SA COM. IND.;CORREA RIBEIRO SA COM IND
CPFE3;CPFL ENERGIA S.A.;CPFL ENERGIA SA
CPFG3;CPFL GERAÇÂO DE ENERGIA S/A;CPFL GERAÇÃO DE ENERGIA S/A
CPFG4;CPFL GERAÇÂO DE ENERGIA S/A;CPFL GERAÇÃO DE ENERGIA S/A
CPFP4;CPFL - PIRATININGA;CIA PIRATININGA DE FORÇA E LUZ
CPLE11;COPEL;COMPANHIA PARANAENSE DE ENERGIA
CPLE3;COPEL;COMPANHIA PARANAENSE DE ENERGIA
CPLE5;COPEL;COMPANHIA PARANAENSE DE ENERGIA
CPLE6;COPEL;COMPANHIA PARANAENSE DE ENERGIA
CPNY3;COMPANY S/A;COMPANY SA
CPRE3;CPFL RENOVAV;CPFL ENERGIAS RENOVÁVEIS S.A.
CPSL3;COPESUL;COPESUL - COMPANHIA PETROQUÍMICA DO SUL
CRBM3;CARAÍBA METAIS S.A;CARAIBA METAIS SA
CRBM7;CARAÍBA METAIS S.A;CARAIBA METAIS SA
CRDE3;CR2;CR2 EMPREENDIMENTOS IMOBILIÁRIOS S/A
CREM3;CREMER S.A.;CREMER SA
CREM4;CREMER S.A.;CREMER SA
CRFB3;CARREFOUR BR;ATACADÃO S.A.
CRIV3;ALFA FINANCEIRA;FINANCEIRA ALFA S.A.- C.F.I
CRIV4;ALFA FINANCEIRA;FINANCEIRA ALFA S.A.- C.F.I
CRPG3;CRISTAL;TRONOX PIGMENTOS DO BRASIL S.A.
CRPG5;CRISTAL;TRONOX PIGMENTOS DO BRASIL S.A.
CRPG6;CRISTAL;TRONOX PIGMENTOS DO BRASIL S.A.
CRTP3;CELULAR CRT PARTICIPAÇÕES S/A;CELULAR CRT PARTICIPAÇÕES S.A.
CRTP5;CELULAR CRT PARTICIPAÇÕES S/A;CELULAR CRT PARTICIPAÇÕES S.A.
CRUZ3;SOUZA CRUZ;SOUZA CRUZ SA
CSAB3;COMPANHIA DE SEGUROS ALIANÇA DA BAHIA;CIA SEGUROS ALIANCA BAHIA
CSAB4;COMPANHIA DE SEGUROS ALIANÇA DA BAHIA;CIA SEGUROS ALIANCA BAHIA
CSAN3;COSAN SA INDUSTRIA E COMERCIO;COSAN SA INDUSTRIA E COMERCIO
CSED3;CRUZEIRO EDU;CRUZEIRO DO SUL EDUCACIONAL S.A.
CSMG3;COPASA MG;COMPANHIA DE SANEAMENTO DE MINAS GERAIS
CSNA3;CSN;CIA SIDERURGICA NACIONAL
CSPC3;COSIPA;COMPANHIA SIDERÚRGICA PAULISTA - COSIPA
CSPC4;COSIPA;COMPANHIA SIDERÚRGICA PAULISTA - COSIPA
CSRN3;COSERN;CIA ENERGÉTICA DO RIO GRANDE DO NORTE
CSRN5;COSERN;CIA ENERGÉTICA DO RIO GRANDE DO NORTE
CSRN6;COSERN;CIA ENERGÉTICA DO RIO GRANDE DO NORTE
CSTB3;COMPANHIA SIDERÚRGICA DE TUBARÃO;COMPANHIA SIDERÚRGICA DE TUBARÃO
CSTB4;COMPANHIA SIDERÚRGICA DE TUBARÃO;COMPANHIA SIDERÚRGICA DE TUBARÃO
CTIP3;CETIP;CETIP S.A. - BALCÃO ORGANIZADO DE ATIVOS
CTKA3;KARSTEN;KARSTEN SA
CTKA4;KARSTEN;KARSTEN SA
CTNM3;COTEMINAS;CIA TECIDOS NORTE DE MINAS - COTEMINAS
CTNM4;COTEMINAS;CIA TECIDOS NORTE DE MINAS - COTEMINAS
CTPC3;CTM CITRUS SA;CTM CITRUS SA
CTPC4;CTM CITRUS SA;CTM CITRUS SA
CTSA3;SANTANENSE;CIA TECIDOS SANTANENSE
CTSA4;SANTANENSE;CIA TECIDOS SANTANENSE
CTSA8;SANTANENSE;CIA TECIDOS SANTANENSE
CTWR3;BLUE TREE HOTELS;BLUE TREE HOTELS & RESORTS DO BRASIL SA
CURY3;CURY S/A;CURY CONSTRUTORA E INCORPORADORA S.A.
CVCB3;CVC BRASIL;CVC BRASIL OPERADORA E AGÊNCIA DE VIAGENS S.A.
CXSE3;CAIXA SEGURI;CAIXA SEGURIDADE PARTICIPAÇÕES S.A.
CYRE3;CYRELA BRAZIL REALTY;CYRELA BRAZIL REALTY S.A. EMPREEN E PART
CYRE4;CYRELA BRAZIL REALTY;CYRELA BRAZIL REALTY S.A. EMPREEN E PART
CZLT33;Cosan Ltd;COSAN LIMITED
CZRS3;Cruzeiro Sul;BANCO CRUZEIRO DO SUL SA
CZRS4;Cruzeiro Sul;BANCO CRUZEIRO DO SUL SA
DAGB33;DUFRY AG;DUFRY A.G.
DASA3;DIAGNOSTICOS DA AMERICA SA;DIAGNOSTICOS DA AMERICA SA
DAYC3;Daycoval;BANCO DAYCOVAL S.A.
DAYC4;Daycoval;BANCO DAYCOVAL S.A.
DEXP3;DEXXOS PAR;DEXXOS PARTICIPACOES S.A.
DEXP4;DEXXOS PAR;DEXXOS PARTICIPACOES S.A.
DFVA3;D F VASCONCELLOS S/A O.M.A.P.;D F VASCONC SA OPT MEC A PREC
DFVA4;D F VASCONCELLOS S/A O.M.A.P.;D F VASCONC SA OPT MEC A PREC
DHBI3;DHB;DHB IND E COMERCIO SA
DHBI4;DHB;DHB IND E COMERCIO SA
DIRR3;Direcional Engenharia;DIRECIONAL ENGENHARIA S.A.
DJON4;DIJON S/A;DIJON SA
DMMO3;DOMMO;DOMMO ENERGIA S.A.
DMVF3;D1000VFARMA;D1000 VAREJO FARMA PARTICIPAÇÕES S.A.
DOCA3;DOCAS S.A.;DOCAS INVESTIMENTOS SA
DOCA4;DOCAS S.A.;DOCAS INVESTIMENTOS SA
DOHL3;DOHLER;DOHLER S.A.
DOHL4;DOHLER;DOHLER S.A.
DOTZ3;DOTZ SA;DOTZ S.A.
DPPI3;IPIRANGA DISTRIBUIDORA;DISTRIB PRODUTOS PETROLEO IPIRANGA S.A.
DPPI4;IPIRANGA DISTRIBUIDORA;DISTRIB PRODUTOS PETROLEO IPIRANGA S.A.
DSUL3;DATASUL;DATASUL S.A.
DTCY3;DTCOM;DTCOM - DIRECT TO COMPANY S.A.
DTEX3;DURATEX;SATIPEL INDUSTRIAL S/A
DUFB11;DUFRY SOUTH AMERICA LTD.;DUFRY SOUTH AMERICA LTD.
DUQE3;METALURGICA DUQUE SA;METALURGICA DUQUE SA
DUQE4;METALURGICA DUQUE SA;METALURGICA DUQUE SA
DURA3;DURATEX;DURATEX SA
DURA4;DURATEX;DURATEX SA
DXTG4;DIXIE TOGA;DIXIE TOGA SA
EALT3;ELECTRO AÇO ALTONA S/A;ELECTRO AÇO ALTONA S/A
EALT4;ELECTRO AÇO ALTONA S/A;ELECTRO AÇO ALTONA S/A
EBCO3;EMBRACO;EMP BRAS COMPRES SA - EMBRACO
EBCO4;EMBRACO;EMP BRAS COMPRES SA - EMBRACO
EBEN4;BANDEIRANTE;BANDEIRANTE ENERGIA S/A
EBTP3;EMBRATEL PARTICIPAÇÕES SA;EMBRATEL PARTICIPAÇÕES SA
EBTP4;EMBRATEL PARTICIPAÇÕES SA;EMBRATEL PARTICIPAÇÕES SA
ECIS3;ECISA;ECISA ENG COM E INDUSTRIA SA
ECIS4;ECISA;ECISA ENG COM E INDUSTRIA SA
ECOR3;ECORODOVIAS;ECORODOVIAS INFRAESTRUTURA E LOGÍSTICA S.A.
ECPR3;ENCORPAR;EMP.NAC.C., RÉDITO E PART. S.A. ENCORPAR
ECPR4;ENCORPAR;EMP.NAC.C., RÉDITO E PART. S.A. ENCORPAR
EEEL3;CEEE;CIA ESTADUAL ENERG ELETR-CEEE
EEEL4;CEEE;CIA ESTADUAL ENERG ELETR-CEEE
EGIE3;ENGIE BRASIL;ENGIE BRASIL ENERGIA S.A.
EKTR3;ELEKTRO ELETRICIDADE E SERVIÇOS S.A.;ELEKTRO ELETRICIDADE E SERVIÇOS S.A.
EKTR4;ELEKTRO ELETRICIDADE E SERVIÇOS S.A.;ELEKTRO ELETRICIDADE E SERVIÇOS S.A.
ELCA3;REDE EMPRESAS DE ENERGIA ELÉTRICA S.A.;REDE EMPRESAS DE ENERGIA ELÉTRICA S.A.
ELCA4;REDE EMPRESAS DE ENERGIA ELÉTRICA S.A.;REDE EMPRESAS DE ENERGIA ELÉTRICA S.A.
ELEK3;ELEKEIROZ S/A;ELEKEIROZ S/A
ELEK4;ELEKEIROZ S/A;ELEKEIROZ S/A
ELET3;ELETROBRÁS;CENTRAIS ELET BRASILEIRAS SA
ELET5;ELETROBRÁS;CENTRAIS ELET BRASILEIRAS SA
ELET6;ELETROBRÁS;CENTRAIS ELET BRASILEIRAS SA
ELEV3;ELEVA;ELEVA ALIMENTOS S/A
ELMD3;ELETROMIDIA;ELETROMIDIA S.A.
ELPL3;AES ELETROPAULO;ELETROPAULO METROPOLITANA EL.S.PAULO S.A
ELPL4;AES ELETROPAULO;ELETROPAULO METROPOLITANA EL.S.PAULO S.A
ELPL5;AES ELETROPAULO;ELETROPAULO METROPOLITANA EL.S.PAULO S.A
ELPL6;AES ELETROPAULO;ELETROPAULO METROPOLITANA EL.S.PAULO S.A
ELUM3;ELUMA;ELUMA SA INDUSTRIA E COMERCIO
ELUM4;ELUMA;ELUMA SA INDUSTRIA E COMERCIO
EMAE4;EMAE;EMAE-EMP.METROPOLITANA ÁGUAS ENERGIA S.A
EMBR3;EMBRAER;EMBRAER EMP BRAS AERON SA
ENAT3;ENAUTA PART;ENAUTA PARTICIPAÇÕES S.A.
ENBR3;EDP ENERGIAS DO BRASIL S/A;EDP ENERGIAS DO BRASIL S/A
ENER3;ENERSUL;EMPRESA ENERGÉTICA DE M.S. S.A.
ENER5;ENERSUL;EMPRESA ENERGÉTICA DE M.S. S.A.
ENER6;ENERSUL;EMPRESA ENERGÉTICA DE M.S. S.A.
ENEV3;ENEVA;ENEVA S.A
ENGI11;ENERGISA;ENERGISA SA
ENGI3;ENERGISA;ENERGISA SA
ENGI4;ENERGISA;ENERGISA SA
ENJU3;ENJOEI;ENJOEI.COM.BR ATIVIDADES DE INTERNET S.A.
ENMT3;ENERGISA MT;ENERGISA MATO GROSSO-DISTRIBUIDORA DE ENERGIA S/A
ENMT4;ENERGISA MT;ENERGISA MATO GROSSO-DISTRIBUIDORA DE ENERGIA S/A
EPAR3;EMBPAR S/A;EMBPAR PARTICIPACOES S.A.
EPAR4;EMBPAR S/A;EMBPAR PARTICIPACOES S.A.
EQMA3B;CEMAR;COMPANHIA ENERGÉTICA DO MARANHÃO CEMAR
EQMA5B;CEMAR;COMPANHIA ENERGÉTICA DO MARANHÃO CEMAR
EQMA6B;CEMAR;COMPANHIA ENERGÉTICA DO MARANHÃO CEMAR
EQPA3;EQTL PARA;EQUATORIAL PARA DISTRIBUIDORA DE ENERGIA S.A.
EQPA5;EQTL PARA;EQUATORIAL PARA DISTRIBUIDORA DE ENERGIA S.A.
EQPA6;EQTL PARA;EQUATORIAL PARA DISTRIBUIDORA DE ENERGIA S.A.
EQPA7;EQTL PARA;EQUATORIAL PARA DISTRIBUIDORA DE ENERGIA S.A.
EQTL3;EQUATORIAL ENERGIA S.A.;EQUATORIAL ENERGIA S.A.
ESCE3;ESCELSA;ESPIRITO SANTO CENTRAIS ELETRICAS SA
ESPA3;ESPACOLASER;MPM CORPÓREOS S.A.
ESTC11;YDUQS PART;ESTACIO PARTICIPACOES S.A.
ESTC3;YDUQS PART;ESTACIO PARTICIPACOES S.A.
ESTC4;YDUQS PART;ESTACIO PARTICIPACOES S.A.
ESTR3;ESTRELA;MANUFATURA DE BRINQUEDOS ESTRELA SA
ESTR4;ESTRELA;MANUFATURA DE BRINQUEDOS ESTRELA SA
ETER3;ETERNIT;ETERNIT SA
ETER4;ETERNIT;ETERNIT SA
EUCA3;EUCATEX;EUCATEX SA IND E COMERCIO
EUCA4;EUCATEX;EUCATEX SA IND E COMERCIO
EVEN3;Even;EVEN CONSTRUTORA E INCORPORADORA S/A
EZTC3;EZTec;EZ TEC EMPREEND. E PARTICIPAÇÕES S/A
FBMC3;FIBAM;FIBAM CIA INDUSTRIAL
FBMC4;FIBAM;FIBAM CIA INDUSTRIAL
FBRA4;FERTIBRÁS S/A;FERTIBRAS SA
FCAP3;FICAP;SAM INDUSTRIAS SA
FCAP4;FICAP;SAM INDUSTRIAS SA
FESA3;FERBASA;CIA FERRO LIGAS BAHIA FERBASA
FESA4;FERBASA;CIA FERRO LIGAS BAHIA FERBASA
FFTL3;FOSFERTIL;FERTILIZANTES FOSFATADOS S.A. FOSFERTIL
FFTL4;FOSFERTIL;FERTILIZANTES FOSFATADOS S.A. FOSFERTIL
FGUI3;FERREIRA GUIMARAES;CIA TEXTIL FERREIRA GUIMARAES
FGUI4;FERREIRA GUIMARAES;CIA TEXTIL FERREIRA GUIMARAES
FHER3;Fer Heringer;FERTILIZANTES HERINGER SA
FIBR3;Fibria;VOTORANTIM CELULOSE E PAPEL SA
FIGE3;INVESTIMENTOS BEMGE;INVESTIMENTOS BEMGE S.A.
FIGE4;INVESTIMENTOS BEMGE;INVESTIMENTOS BEMGE S.A.
FJTA3;TAURUS ARMAS;TAURUS ARMAS S.A.
FJTA4;TAURUS ARMAS;TAURUS ARMAS S.A.
FLCL3;CATAG LEOPOLDINA;CIA FORÇA E LUZ CATAGUAZES-LEOPOLDINA
FLCL5;CATAG LEOPOLDINA;CIA FORÇA E LUZ CATAGUAZES-LEOPOLDINA
FLCL6;CATAG LEOPOLDINA;CIA FORÇA E LUZ CATAGUAZES-LEOPOLDINA
FLRY3;FLEURY;FLEURY S.A.
FRAS3;FRAS-LE S.A.;FRAS-LE SA
FRAS4;FRAS-LE S.A.;FRAS-LE SA
FRIO3;Metalfrio;METALFRIO SOLUTIONS S/A
FRTA3;POMIFRUTAS;POMIFRUTAS S/A
FTRX3;FAB TECIDOS C RENAUX;FAB TECIDOS CARLOS RENAUX SA
FTRX4;FAB TECIDOS C RENAUX;FAB TECIDOS CARLOS RENAUX SA
GAFP3;CIMOB;CIMOB PARTICIPAÇÕES SA
GAFP4;CIMOB;CIMOB PARTICIPAÇÕES SA
GALO3;EMEEGE ESCAPAMENTOS;DE MAIO GALLO S.A IND. COM. PÇS P/ AUTOM
GALO4;EMEEGE ESCAPAMENTOS;DE MAIO GALLO S.A IND. COM. PÇS P/ AUTOM
GAZO3;GAZOLA SA INDÚSTRIA METALURGICA;GAZOLA SA INDÚSTRIA METALURGICA
GAZO4;GAZOLA SA INDÚSTRIA METALURGICA;GAZOLA SA INDÚSTRIA METALURGICA
GBIO33;BIOTOSCANA;BIOTOSCANA INVESTMENTS S.A.
GEPA3;DUKE ENERGY INT,GERAÇÃO PARANAPANEMA SA;DUKE ENERGY INT,GERAÇÃO PARANAPANEMA SA
GEPA4;DUKE ENERGY INT,GERAÇÃO PARANAPANEMA SA;DUKE ENERGY INT,GERAÇÃO PARANAPANEMA SA
GETI3;AES TIETE SA;AES TIETE SA
GETI4;AES TIETE SA;AES TIETE SA
GFSA3;GAFISA;GAFISA SA
GGBR3;GERDAU S.A.;GERDAU SA
GGBR4;GERDAU S.A.;GERDAU SA
GGPS3;GPS;GPS PARTICIPACOES E EMPREENDIMENTOS S.A.
GLOB4;VIAVAREJO;VIA VAREJO S.A.
GMAT3;GRUPO MATEUS;GRUPO MATEUS S.A.
GNDI3;INTERMEDICA;NOTRE DAME INTERMEDICA PARTICIPACOES SA
GOAU3;METALÚRGICA GERDAU;METALURGICA GERDAU SA
GOAU4;METALÚRGICA GERDAU;METALURGICA GERDAU SA
GOLL4;GOL LINHAS AEREAS INTELIGENTES SA;GOL LINHAS AEREAS INTELIGENTES SA
GPAR3;CELGPAR;CIA CELG DE PARTICIPACOES - CELGPAR
GPCP3;DEXXOS PAR;DEXXOS PARTICIPACOES S.A.
GPIV33;GP INVESTMENTS, LTD;GP INVESTMENTS, LTD
GRND3;GRENDENE SA;GRENDENE SA
GRNL4;GRANÓLEO S/A;GRANOLEO SA CI SEMS OLEAGS DER
GSHP3;Generalshopp;GENERAL SHOPPING BRASIL SA
GUAR3;GUARARAPES CONFECÇÕES;GUARARAPES CONFECÇÕES SA
GUAR4;GUARARAPES CONFECÇÕES;GUARARAPES CONFECÇÕES SA
GVTT3;GVT HOLDING;GVT (HOLDING) S.A.
HAGA3;HAGA;FERRAGENS HAGA SA
HAGA4;HAGA;FERRAGENS HAGA SA
HAPV3;HAPVIDA;HAPVIDA PARTICIPACOES E INVESTIMENTOS SA
HBOR3;Helbor;HELBOR EMPREENDIMENTOS S/A
HBRE3;HBR REALTY;HBR REALTY EMPREENDIMENTOS IMOBILIARIOS S/A
HBSA3;HIDROVIAS;HIDROVIAS DO BRASIL S.A.
HBTS5;CIA HABITASUL;COMPANHIIA HABITASUL DE PARTICIPAÇÕES
HETA3;HERCULES S/A;HERCULES S/A - FABRICA DE TALHERES
HETA4;HERCULES S/A;HERCULES S/A - FABRICA DE TALHERES
HGTX3;CIA HERING;CIA HERING
HGTX4;CIA HERING;CIA HERING
HOOT4;HOTEIS OTHON S.A.;HOTEIS OTHON SA
HRTP3;PETRORIO;PETRO RIO S.A.
HYPE3;HYPERA;HYPERA S.A.
ICPI3;CIMENTO ITAU CORUMBA;CIMENTO ITAU DE CORUMBA SA
IDNT3;PADTEC;PADTEC HOLDING S.A.
IDVL11;Indusval;BCO INDUSVAL S.A.
IDVL3;Indusval;BCO INDUSVAL S.A.
IDVL4;Indusval;BCO INDUSVAL S.A.
IENG3;INEPAR ENERGIA;INEPAR ENERGIA SA
IENG5;INEPAR ENERGIA;INEPAR ENERGIA SA
IFCM3;INFRACOMM;INFRACOMMERCE CXAAS S.A.
IGBR3;GRADIENTE;GRADIENTE ELETRONICA S A
IGBR5;GRADIENTE;GRADIENTE ELETRONICA S A
IGBR6;GRADIENTE;GRADIENTE ELETRONICA S A
IGTA3;IGUATEMI;IGUATEMI EMPRESA DE SHOPPING CENTERS S.A
IGUA3;CIA. IGUAÇU DE CAFÉ SOLÚVEL;CIA. IGUAÇU DE CAFÉ SOLÚVEL
IGUA5;CIA. IGUAÇU DE CAFÉ SOLÚVEL;CIA. IGUAÇU DE CAFÉ SOLÚVEL
IGUA6;CIA. IGUAÇU DE CAFÉ SOLÚVEL;CIA. IGUAÇU DE CAFÉ SOLÚVEL
ILLS4;LINHAS CIRCULO;CIRCULO S/A
ILMD3;YARA BRASIL FERTILIZANTES S.A.;YARA BRASIL FERTILIZANTES S.A.
ILMD4;YARA BRASIL FERTILIZANTES S.A.;YARA BRASIL FERTILIZANTES S.A.
IMBI3;COMPANHIA DOCAS DE IMBITUBA;CIA DOCAS DE IMBITUBA
IMBI4;COMPANHIA DOCAS DE IMBITUBA;CIA DOCAS DE IMBITUBA
IMCH3;IMC HOLDINGS;International Meal Company Holdings S.A.
INEP3;INEPAR S/A;INEPAR SA IND E CONSTRUCOES
INEP4;INEPAR S/A;INEPAR SA IND E CONSTRUCOES
INET3;ATOMPAR;ATOM PARTICIPACOES S.A.
INHA3;GAFISA;GAFISA SA
INTB3;INTELBRAS;INTELBRAS S.A. IND DE TELEC ELETRONICA BRASILEIRA
IRBR3;IRBBRASIL RE;IRB - BRASIL RESSEGUROS S.A.
ITEC3;ITAUTEC PHILCO SA - GRUPO ITAUTEC PHILCO;ITAUTEC PHILCO S.A. - GRUPO ITAUTEC PHILCO
ITSA3;ITAÚSA;ITAÚSA - INVESTIMENTOS ITAÚ S.A.
ITSA4;ITAÚSA;ITAÚSA - INVESTIMENTOS ITAÚ S.A.
ITUB3;ITAUUNIBANCO;ITAU UNIBANCO HOLDING S.A.
ITUB4;ITAUUNIBANCO;ITAU UNIBANCO HOLDING S.A.
IVTT3;BHG;BHG S.A. - BRAZIL HOSPITALITY GROUP
JALL3;JALLESMACHAD;JALLES MACHADO S.A.
JBDU3;J B DUARTE;INDS J B DUARTE SA
JBDU4;J B DUARTE;INDS J B DUARTE SA
JBSS3;JBS;JBS S.A.
JFAB4;JARAGUA FABRIL;JARAGUA FABRIL SA
JFEN3;JOÃO FORTES ENGENHARIA S.A.;JOAO FORTES ENGENHARIA SA
JHSF3;JHSF Part;JHSF PARTICIPAÇÕES SA
JOPA3;JOSAPAR S/A;JOSAPAR- JOAQUIM OLIVEIRA S/A PARTICIP
JOPA4;JOSAPAR S/A;JOSAPAR- JOAQUIM OLIVEIRA S/A PARTICIP
JPSA3;JEREISSATI PARTICIPACOES;JEREISSATI PARTICIPACOES
JSLG3;JULIO SIMOES;JÚLIO SIMÕES LOGÍSTICA S.A.
KEPL3;KEPLER WEBER SA;KEPLER WEBER SA
KLBN11;KLABIN;KLABIN S.A.
KLBN3;KLABIN;KLABIN S.A.
KLBN4;KLABIN;KLABIN S.A.
KROT11;COGNA;KROTON EDUCACIONAL S.A.
KROT3;COGNA;KROTON EDUCACIONAL S.A.
KROT4;COGNA;KROTON EDUCACIONAL S.A.
KSSA3;KLABINSEGALL;KLABIN SEGALL S.A.
LAME3;LOJAS AMERICANAS S.A.;LOJAS AMERICANAS SA
LAME4;LOJAS AMERICANAS S.A.;LOJAS AMERICANAS SA
LATM11;LATAM AIRLN;LATAM AIRLINES GROUP S.A.
LATS3;REXAM BEVERAGE CAN SOUTH AMERICA;REXAM BEVERAGE CAN SOUTH AMERICA S.A.
LAVV3;LAVVI;LAVVI EMPREENDIMENTOS IMOBILIÁRIOS S.A.
LCAM3;LOCAMERICA;COMPANHIA DE LOCAÇÃO DAS AMÉRICAS
LCSA3;NÃO CONSTA;PARMALAT BRASIL S.A IND DE ALIMENTOS.
LCSA4;NÃO CONSTA;PARMALAT BRASIL S.A IND DE ALIMENTOS.
LECO3;LECO;CIA LECO DE PRODS ALIMENTICIOS
LECO4;LECO;CIA LECO DE PRODS ALIMENTICIOS
LETO3;MITTO;INDUSTRIAS MICHELETTO S/A
LETO5;MITTO;INDUSTRIAS MICHELETTO S/A
LEVE3;MAHLE METAL LEVE;MAHLE METAL LEVE S.A.
LEVE4;MAHLE METAL LEVE;MAHLE METAL LEVE S.A.
LFFE3;LA FONTE TELECOM S/A;LA FONTE TELECOM S/A
LFFE4;LA FONTE TELECOM S/A;LA FONTE TELECOM S/A
LGLO4;LIVRARIA DO GLOBO S/A;LIVRARIA DO GLOBO SA
LIGH3;LIGHT;LIGHT SERVIÇOS DE ELETRICIDADE SA
LIGT3;LIGHT SA;LIGHT SA
LINX3;LINX;LINX S.A.
LIPR3;LIGHTPAR;LIGHT PARTICIPAÇÕES S.A. - LIGHTPAR
LIXC3;LIX DA CUNHA;CONST LIX DA CUNHA SA
LIXC4;LIX DA CUNHA;CONST LIX DA CUNHA SA
LJQQ3;QUERO-QUERO;LOJAS QUERO-QUERO S/A
LLIS3;LE LIS BLANC DEUX;LE LIS BLANC DEUX COM. CONF. ROUPAS S.A.
LOGG3;LOG COM PROP;LOG COMMERCIAL PROPERTIES
LOGN3;Log-In;LOG-IN LOGISTICA INTERMODAL SA
LPSB3;LOPES BRASIL;LPS BRASIL - CONSULTORIA DE IMOVEIS S.A.
LREN3;RENNER;LOJAS RENNER SA
LREN4;RENNER;LOJAS RENNER SA
LUPA3;LUPATECH;LUPATECH S.A.
LUXM3;TREVISA INVESTIMENTOS SA;TREVISA INVESTIMENTOS SA
LUXM4;TREVISA INVESTIMENTOS SA;TREVISA INVESTIMENTOS SA
LWSA3;LOCAWEB;LOCAWEB SERVIÇOS DE INTERNET S.A.
MAGG3;MAGNESITA REFRATÁRIOS;MAGNESITA REFRATÁRIOS S/A
MAGS3;MAGNESITA S/A;MAGNESITA SA
MAPT3;CIA MARCOPOLO;CEMEPE INVESTIMENTOS SA
MAPT4;CIA MARCOPOLO;CEMEPE INVESTIMENTOS SA
MARI3;Marisa;MARISA SA
MATD3;MATER DEI;HOSPITAL MATER DEI S/A
MBLY3;MOBLY;Mobly S.A.
MDIA3;M.DIASBRANCO;M.DIAS BRANCO S.A. IND COM DE ALIMENTOS
MDNE3;MOURA DUBEUX;MOURA DUBEUX ENGENHARIA S/A
MEAL3;IMC S/A;INTERNATIONAL MEAL COMPANY ALIMENTACAO S.A.
MEDI3;MEDIAL SAUDE;MEDIAL SAUDE S.A.
MELK3;MELNICK;MELNICK EVEN DESENVOLVIMENTO IMOBILIÁRIO S.A.
MEND5;MENDES JUNIOR ENGENHARIA S/A;MENDES JUNIOR ENGENHARIA SA
MEND6;MENDES JUNIOR ENGENHARIA S/A;MENDES JUNIOR ENGENHARIA SA
MERC3;MERCANTIL BRASIL;MERCANTIL DO BR FINC SA CFI
MERC4;MERCANTIL BRASIL;MERCANTIL DO BR FINC SA CFI
MGEL3;MANGELS;MANGELS INDUSTRIAL SA
MGEL4;MANGELS;MANGELS INDUSTRIAL SA
MGLU3;MAGAZ LUIZA;MAGAZINE LUIZA S.A.
MILK33;Laep DR3;LAEP INVESTMENTS LTD.
MILS3;MILLS;MILLS ESTRUTURAS E SERVIÇOS DE ENGENHARIA S.A.
MLFT3;JEREISSATI PARTICIPACOES;JEREISSATI PARTICIPACOES
MLFT4;JEREISSATI PARTICIPACOES;JEREISSATI PARTICIPACOES
MLPA12;MELHORAMENTOS PAPEIS;MELPAPER SA
MLPA3;MELHORAMENTOS PAPEIS;MELPAPER SA
MLPA4;MELHORAMENTOS PAPEIS;MELPAPER SA
MMAQ3;MINASMÁQUINAS S/A;MINASMAQUINAS SA
MMAQ4;MINASMÁQUINAS S/A;MINASMAQUINAS SA
MMXM3;MMX MINER;MMX MINERAÇÃO E METÁLICOS S.A.
MNDL3;MUNDIAL S/A;MUNDIAL S/A - PRODUTOS DE CONSUMO
MNDL4;MUNDIAL S/A;MUNDIAL S/A - PRODUTOS DE CONSUMO
MNPR3;MINUPAR;MINUPAR PARTICIPACOES SA
MNPR4;MINUPAR;MINUPAR PARTICIPACOES SA
MNSA3;MANASA;MANASA MADEIREIRA NACIONAL SA
MNSA4;MANASA;MANASA MADEIREIRA NACIONAL SA
MOAR3;MONTEIRO ARANHA;MONTEIRO ARANHA SA
MODL11;MODALMAIS;BANCO MODAL S.A
MODL3;MODALMAIS;BANCO MODAL S.A
MODL4;MODALMAIS;BANCO MODAL S.A
MOSI3;MOSAICO SA;Mosaico Tecnologia ao Consumidor S.A.
MOVI3;MOVIDA;MOVIDA PARTICIPACOES SA
MPLU3;MULTIPLUS;Multiplus S.A.
MRFG3;Marfrig;MARFRIG FRIGORIFICOS E COM DE ALIM S.A.
MRSA3B;MRS LOGÍSTICA S/A;MRS LOGÍSTICA S/A
MRSA5B;MRS LOGÍSTICA S/A;MRS LOGÍSTICA S/A
MRSA6B;MRS LOGÍSTICA S/A;MRS LOGÍSTICA S/A
MRSL3;MARISOL;MARISOL SA
MRSL4;MARISOL;MARISOL SA
MRVE3;MRV;MRV ENGENHARIA E PARTICIPAÇÕES S/A
MSAN3;BUNGE BRASIL S.A.;BUNGE BRASIL SA
MSAN4;BUNGE BRASIL S.A.;BUNGE BRASIL SA
MSPA3;MELHORAMENTOS;COMPANHIA MELHORAMENTOS DE SÃO PAULO
MSPA4;MELHORAMENTOS;COMPANHIA MELHORAMENTOS DE SÃO PAULO
MTBR3;WHIRLPOOL S.A.;WHIRLPOOL S.A.
MTBR4;WHIRLPOOL S.A.;WHIRLPOOL S.A.
MTIG3;IGUAÇU;METALGRAFICA IGUACU SA
MTIG4;IGUAÇU;METALGRAFICA IGUACU SA
MTRE3;MITRE REALTY;MITRE REALTY EMPREENDIMENTOS E PARTICIPAÇÕES S.A.
MTSA4;METISA;METISA METALÚRGICA TIMBOENSE SA
MULT3;Multiplan;MULTIPLAN EMP. IMOBILIARIOS S/A
MWET3;WETZEL S.A.;WETZEL S.A.
MWET4;WETZEL S.A.;WETZEL S.A.
MYPK3;IOCHPE-MAXION;IOCHPE-MAXION SA
MYPK4;IOCHPE-MAXION;IOCHPE-MAXION SA
NAFG3;NADIR FIGUEIREDO;NADIR FIGUEIREDO IND E COM SA
NAFG4;NADIR FIGUEIREDO;NADIR FIGUEIREDO IND E COM SA
NATU3;NATURA COSMETICOS SA;NATURA COSMETICOS SA
NEOE3;NEOENERGIA;NEOENERGIA S.A.
NETC3;NET SERVIÇOS DE COMUNICAÇÃO S.A.;NET SERVIÇOS DE COMUNICAÇÃO S.A.
NETC4;NET SERVIÇOS DE COMUNICAÇÃO S.A.;NET SERVIÇOS DE COMUNICAÇÃO S.A.
NGRD3;NEOGRID;NEOGRID PARTICIPACOES S.A.
NINJ3;GETNINJAS;GETNINJAS S.A.
NORD3;NORDON INDS METALURGICAS SA;NORDON INDS METALURGICAS SA
NTCO3;GRUPO NATURA;NATURA &CO HOLDING S.A.
NUTR3;NUTRIPLANT;NUTRIPLANT INDÚSTRIA E COMÉRCIO S/A
ODER3;CONSERVAS ODERICH SA;CONSERVAS ODERICH SA
ODER4;CONSERVAS ODERICH SA;CONSERVAS ODERICH SA
ODPV3;ODONTOPREV;ODONTOPREV S.A.
OFSA3;OUROFINO S/A;OURO FINO SAUDE ANIMAL PARTICIPACOES S.A.
OGXP3;OGX;ÓLEO E GÁS PARTICIPAÇÕES S.A.
OIBR3;OI;OI S.A.
OIBR4;OI;OI S.A.
OMGE3;OMEGA GER;OMEGA GERAÇÃO S.A.
OPCT3;OCEANPACT;OCEANPACT SERVICOS MARITIMOS S.A.
ORVR3;ORIZON;ORIZON VALORIZACAO DE RESIDUOS S.A.
OSAO4;PLASCAR PARTICIPAÇÕES INDUSTRIAIS S.A;PLASCAR PARTICIPAÇÕES INDUSTRIAIS S.A
OSXB3;OSX BRASIL;OSX BRASIL S.A.
PALF11;CPFL;COMPANHIA PAULISTA DE FORCA LUZ - CPFL
PALF3;CPFL;COMPANHIA PAULISTA DE FORCA LUZ - CPFL
PALF5;CPFL;COMPANHIA PAULISTA DE FORCA LUZ - CPFL
PARC3;WIZ S.A.;WIZ SOLUÇÕES E CORRETAGEM DE SEGUROS S.A.
PARD3;IHPARDINI;INSTITUTO HERMES PARDINI S.A.
PATI3;PANATLANTICA;PANATLANTICA SA
PATI4;PANATLANTICA;PANATLANTICA SA
PCAR3;PÃO DE AÇÚCAR;COMPANHIA BRASILEIRA DE DISTRIBUIÇÃO
PCAR4;PÃO DE AÇÚCAR;COMPANHIA BRASILEIRA DE DISTRIBUIÇÃO
PCAR5;PÃO DE AÇÚCAR;COMPANHIA BRASILEIRA DE DISTRIBUIÇÃO
PDGR3;PDG REALT;PDG REALTY S.A. EMPREEND E PARTICIPACOES
PDTC3;PADTEC;PADTEC HOLDING S.A.
PEAB3;CIA. DE PARTICIPAÇÕES ALIANÇA DA BAHIA;CIA DE PARTICIPAÇÕES ALIANÇA DA BAHIA
PEAB4;CIA. DE PARTICIPAÇÕES ALIANÇA DA BAHIA;CIA DE PARTICIPAÇÕES ALIANÇA DA BAHIA
PEFX3;PETROFLEX INDÚSTRIA E COMÉRCIO S.A;PETROFLEX INDÚSTRIA E COMÉRCIO S.A.
PEFX5;PETROFLEX INDÚSTRIA E COMÉRCIO S.A;PETROFLEX INDÚSTRIA E COMÉRCIO S.A.
PETR3;PETROBRAS;PETRÓLEO BRASILEIRO S.A. - PETROBRAS
PETR4;PETROBRAS;PETRÓLEO BRASILEIRO S.A. - PETROBRAS
PETZ3;PETZ;PET CENTER COMERCIO E PARTICIPACOES S.A.
PFRM3;PROFARMA;PROFARMA DISTRIB PROD FARMACEUTICOS S.A.
PGMN3;PAGUE MENOS;EMPREENDIMENTOS PAGUE MENOS S.A.
PINE3;Pine;BANCO PINE S/A
PINE4;Pine;BANCO PINE S/A
PITI4;AV. DR CHUCRI ZAIDAN, 920 - 16§ ANDAR;LF TEL SA
PLAS3;PLASCAR PARTICIPAÇÕES INDUSTRIAIS S.A;PLASCAR PARTICIPAÇÕES INDUSTRIAIS S.A
PLDN4;POLIALDEN;POLIALDEN PETROQUIMICA SA
PLIM4;NET SERVIÇOS DE COMUNICAÇÃO S.A.;NET SERVIÇOS DE COMUNICAÇÃO S.A.
PLPL3;PLANOEPLANO;PLANO & PLANO DESENVOLVIMENTO IMOBILIÁRIO S.A.
PLTO5;POLITENO IND E COMERCIO S.A.;POLITENO IND E COMERCIO SA
PLTO6;POLITENO IND E COMERCIO S.A.;POLITENO IND E COMERCIO SA
PMAM3;PARANAPANEMA S.A.;PARANAPANEMA SA
PMAM4;PARANAPANEMA S.A.;PARANAPANEMA SA
PMET3;PRO METALURG;PRÓ METALURGIA S.A.
PMET5;PRO METALURG;PRÓ METALURGIA S.A.
PMET6;PRO METALURG;PRÓ METALURGIA S.A.
PNOR5;PRONOR;PRONOR PETROQUIMICA SA
PNOR6;PRONOR;PRONOR PETROQUIMICA SA
PNVL3;PANVEL FARMÁCIAS;DIMED SA DISTRIBUIDORA DE MEDICAMENTOS
PNVL4;PANVEL FARMÁCIAS;DIMED SA DISTRIBUIDORA DE MEDICAMENTOS
POMO3;MARCOPOLO;MARCOPOLO SA
POMO4;MARCOPOLO;MARCOPOLO SA
POPR4;POLIPROPILENO S.A.;POLIPROPILENO SA
PORP4;POLIPROPILENO PARTICIPAÇÕES S.A.;POLIPROPILENO PARTICIPACOES S.A.
POSI3;POSITIVO INF;POSITIVO INFORMATICA S.A.
POWE3;FOCUS ON;FOCUS ENERGIA HOLDING PARTICIPAÇÕES S.A
PQUN3;PETROQUIMICA UNIAO S.A.;PETROQUIMICA UNIAO SA
PQUN4;PETROQUIMICA UNIAO S.A.;PETROQUIMICA UNIAO SA
PRBC3;Parana;PARANA BANCO S.A.
PRBC4;Parana;PARANA BANCO S.A.
PRGA4;BRF Foods;BRF Foods
PRIO3;PETRORIO;PETRO RIO S.A.
PRML3;PRUMO;PRUMO LOGÍSTICA S.A.
PRNR3;PRINER;PRINER SERVIÇOS INDUSTRIAIS S.A.
PRTX3;PORTX;CENTENNIAL ASSET PARTICIP. SUDESTE S.A.
PRVI3;Providencia;COMPANHIA PROVIDENCIA IND E COMERCIO
PSSA3;PORTO SEGURO SA;PORTO SEGURO SA
PTBL3;PORTOBELLO S/A;PBG S/A
PTBL4;PORTOBELLO S/A;PBG S/A
PTIP3;IPIRANGA PETROQUIMICA SA;IPIRANGA PETROQUIMICA SA
PTIP4;IPIRANGA PETROQUIMICA SA;IPIRANGA PETROQUIMICA SA
PTNT3;PETTENATI;PETTENATI SA IND TEXTIL
PTNT4;PETTENATI;PETTENATI SA IND TEXTIL
PTPA3;PETROPAR SA;PETROPAR SA
PTPA4;PETROPAR SA;PETROPAR SA
PTQS4;PETROQUISA;PETROBRAS QUÍMICA S.A.- PETROQUISA
QGEP3;ENAUTA PART;ENAUTA PARTICIPAÇÕES S.A.
QUAL3;QUALICORP;QUALICORP S.A.
RADL3;RAIADROGASIL;RAIA DROGASIL S.A.
RAIA3;RAIA;RAIA S.A.
RAIL3;RUMO S.A.;RUMO S.A.
RANI3;CELULOSE IRANI;CELULOSE IRANI SA
RANI4;CELULOSE IRANI;CELULOSE IRANI SA
RAPT3;RANDON S.A. IMPLEMENTOS E PARTICIPAÇÕES;RANDON S.A. IMPLEMENTOS E PARTICIPAÇÕES
RAPT4;RANDON S.A. IMPLEMENTOS E PARTICIPAÇÕES;RANDON S.A. IMPLEMENTOS E PARTICIPAÇÕES
RCSL4;RECRUSUL;RECRUSUL SA
RCTB31;TELEBRAS;TELEC. BRASILEIRAS S.A. - TELEBRÁS
RCTB33;TELEBRAS;TELEC. BRASILEIRAS S.A. - TELEBRÁS
RCTB41;TELEBRAS;TELEC. BRASILEIRAS S.A. - TELEBRÁS
RCTB42;TELEBRAS;TELEC. BRASILEIRAS S.A. - TELEBRÁS
RDCD3;Redecard;REDECARD S.A.
RDNI3;RNI;RNI NEGÓCIOS IMOBILIÁRIOS S.A.
RDOR3;REDE D OR;Rede DOr São Luiz S.A.
RDTR3;REDENTOR;REDENTOR ENERGIA S.A.
RECV3;PETRORECONCA;PETRORECÔNCAVO S.A.
REDE3;REDE EMPRESAS DE ENERGIA ELÉTRICA S.A.;REDE EMPRESAS DE ENERGIA ELÉTRICA S.A.
REDE4;REDE EMPRESAS DE ENERGIA ELÉTRICA S.A.;REDE EMPRESAS DE ENERGIA ELÉTRICA S.A.
REEM4;RHEEM EMPRS;RIMET EMPREEND. INDS. E COMERCIAIS S/A
RENT3;LOCALIZA RENT A CAR;LOCALIZA RENT A CAR SA
REPA3;ELECTROLUX;ELECTROLUX DO BRASIL SA
REPA4;ELECTROLUX;ELECTROLUX DO BRASIL SA
RGEG3;RGE - RIO GRANDE ENERGIA;RIO GRANDE ENERGIA SA
RHDS3;M G POLIEST;M G POLIESTER S.A.
RHDS4;M G POLIEST;M G POLIESTER S.A.
RIPI3;REFINARIA DE PETRÓLEO IPIRANGA SA;REFINARIA PET IPIRANGA SA
RIPI4;REFINARIA DE PETRÓLEO IPIRANGA SA;REFINARIA PET IPIRANGA SA
RJCP3;RJCP EQUITY;RJCP EQUITY S.A.
RLOG3;COSAN LOG;COSAN LOGISTICA S.A.
RNAR3;POMIFRUTAS;POMIFRUTAS S/A
RNEW11;RENOVA;RENOVA ENERGIA S.A.
RNEW3;RENOVA;RENOVA ENERGIA S.A.
RNEW4;RENOVA;RENOVA ENERGIA S.A.
RNPT3;RENNER PARTICIPAÇÕES S/A;RENNER PARTICIPAÇÕES SA
RNPT4;RENNER PARTICIPAÇÕES S/A;RENNER PARTICIPAÇÕES SA
ROMI3;ROMI;INDS ROMI SA
ROMI4;ROMI;INDS ROMI SA
RPAD3;ALFA HOLDINGS;ALFA HOLDINGS SA
RPAD5;ALFA HOLDINGS;ALFA HOLDINGS SA
RPAD6;ALFA HOLDINGS;ALFA HOLDINGS SA
RPMG3;REFINARIA DE PETRÓLEOS DE MANGUINHOS S.A;REFINARIA PET MANGUINHOS SA
RPMG4;REFINARIA DE PETRÓLEOS DE MANGUINHOS S.A;REFINARIA PET MANGUINHOS SA
RPSA4;RIPASA;RIPASA SA CELULOSE E PAPEL
RRRP3;3R PETROLEUM;3R PETROLEUM ÓLEO E GÁS S.A
RSID3;ROSSI RESIDENCIAL;ROSSI RESIDENCIAL SA
RSIP3;RASIP AGRO PASTORIL;RASIP AGRO PASTORIL SA
RSIP4;RASIP AGRO PASTORIL;RASIP AGRO PASTORIL SA
RSUL4;METALURGICA RIOSULENSE S/A;METALURGICA RIOSULENSE SA
RUMO3;RUMO LOG;RUMO LOGISTICA OPERADORA MULTIMODAL S.A.
SALM3;SEARA ALIMENTOS;SEARA ALIMENTOS SA
SALM4;SEARA ALIMENTOS;SEARA ALIMENTOS SA
SANB11;SANTANDER;BANCO SANTANDER S.A.
SANB3;SANTANDER;BANCO SANTANDER S.A.
SANB4;SANTANDER;BANCO SANTANDER S.A.
SAPR11;SANEPAR;CIA. DE SANEAMENTO DO PARANÁ - SANEPAR
SAPR3;SANEPAR;CIA. DE SANEAMENTO DO PARANÁ - SANEPAR
SAPR4;SANEPAR;CIA. DE SANEAMENTO DO PARANÁ - SANEPAR
SASG3;SUL AMERICA SEGUROS;SUL AMERICA CIA NACL SEGUROS
SBFG3;GRUPO SBF;GRUPO SBF SA
SBSP3;SABESP;CIA SANEAMENTO BÁSICO ESTADO SÃO PAULO
SCAR3;SÃO CARLOS EMPREEND.E PARTICIPAÇÕES S.A.;SÃO CARLOS EMPREENDS E PARTICIPAÇÕES S.A
SCAR4;SÃO CARLOS EMPREEND.E PARTICIPAÇÕES S.A.;SÃO CARLOS EMPREENDS E PARTICIPAÇÕES S.A
SCLO3;SCHLOSSER TECIDOS;CIA INDL SCHLOSSER SA
SCLO4;SCHLOSSER TECIDOS;CIA INDL SCHLOSSER SA
SDIA3;SADIA;SADIA SA
SDIA4;SADIA;SADIA SA
SEBB11;SEB - SISTEMA EDUCACIONAL BRASILEIRO S/A;SEB - SISTEMA EDUCACIONAL BRASILEIRO S/A
SEBB3;SEB - SISTEMA EDUCACIONAL BRASILEIRO S/A;SEB - SISTEMA EDUCACIONAL BRASILEIRO S/A
SEBB4;SEB - SISTEMA EDUCACIONAL BRASILEIRO S/A;SEB - SISTEMA EDUCACIONAL BRASILEIRO S/A
SEDU3;SOMOS EDUCA;SOMOS EDUCAÇÃO S.A.
SEER3;SER EDUCA;SER EDUCACIONAL S.A.
SEMP3;SEMP TOSHIBA;SEMP TOSHIBA SA
SEQL3;SEQUOIA LOG;SEQUOIA LOGISTICA E TRANSPORTES S.A
SFSA3;Sofisa;BANCO SOFISA SA
SFSA4;Sofisa;BANCO SOFISA SA
SGAS3;WLM;WLM INDÚSTRIA E COMÉRCIO S/A
SGAS4;WLM;WLM INDÚSTRIA E COMÉRCIO S/A
SGEN3;SERGEN;SERGEN SERVS GERAIS DE ENG SA
SGEN4;SERGEN;SERGEN SERVS GERAIS DE ENG SA
SGPS3;Springs;SPRINGS GLOBAL PARTICIPAÇÕES S/A
SHOW3;TIME FOR FUN;T4F Entretenimento S.A.
SHUL4;SCHULZ;SCHULZ SA
SIMH3;SIMPAR;SIMPAR S.A.
SJOS3;SÃO JOSÉ;FIACAO TECELAGEM SAO JOSE SA
SJOS4;SÃO JOSÉ;FIACAO TECELAGEM SAO JOSE SA
SLCE3;SLC Agricola;SLC AGRICOLA SA
SLCP3;SULACAP;SUL AMERICA CAPITALIZACAO S.A.
SLED3;EDITORA SARAIVA;SARAIVA SA LIVREIROS EDITORES
SLED4;EDITORA SARAIVA;SARAIVA SA LIVREIROS EDITORES
SMLE3;SMILES;SMILES S.A.
SMLS3;SMILES;SMILES FIDELIDADE S.A.
SMTO3;SAO MARTINHO;SAO MARTINHO S.A.
SNSL3;SINQIA;SINQIA S.A.
SNSY5;SANSUY S.A. INDÚSTRIA DE PLÁSTICOS;SANSUY SA INDÚSTRIA DE PLASTICOS
SOJA3;BOA SAFRA;BOA SAFRA SEMENTES S.A.
SOMA3;GRUPO SOMA;GRUPO DE MODA SOMA S.A.
SOND3;SONDOTECNICA S/A.;SONDOTECNICA ENGENHARIA DE SOLOS S/A.
SOND5;SONDOTECNICA S/A.;SONDOTECNICA ENGENHARIA DE SOLOS S/A.
SOND6;SONDOTECNICA S/A.;SONDOTECNICA ENGENHARIA DE SOLOS S/A.
SPRI3;SPRINGER;SPRINGER SA
SPRI5;SPRINGER;SPRINGER SA
SPRI6;SPRINGER;SPRINGER SA
SQIA3;SINQIA;SINQIA S.A.
SSBR3;ALIANSCSONAE;ALIANSCE SONAE SHOPPING CENTERS S.A.
STBP11;SBPAR;SANTOS BRASIL PARTICIPAÇÕES S.A.
STBP3;SBPAR;SANTOS BRASIL PARTICIPAÇÕES S.A.
STLB3;ADVANCED-DH;ADVANCED DIGITAL HEALTH MEDICINA PREVENTIVA S.A.
STRP4;STAROUP;BOTUCATU TÊXTIL S.A.
SUBA3;;SUBMARINO S/A
SULA11;Sul America;SUL AMERICA S/A
SULA3;Sul America;SUL AMERICA S/A
SULA4;Sul America;SUL AMERICA S/A
SULT3;CONSTRUTORA SULTEPA S/A;CONST SULTEPA SA
SULT4;CONSTRUTORA SULTEPA S/A;CONST SULTEPA SA
SUZA4;SUZANO HOLDING S.A.;SUZANO HOLDING S.A. (EX-NEMOFEFFER S.A.)
SUZB3;Suzano Papel;SUZANO PAPEL E CELULOSE S.A.
SUZB5;Suzano Papel;SUZANO PAPEL E CELULOSE S.A.
SUZB6;Suzano Papel;SUZANO PAPEL E CELULOSE S.A.
SWET3;ADVANCED-DH;ADVANCED DIGITAL HEALTH MEDICINA PREVENTIVA S.A.
SZPQ4;SUZANO PETROQUIMICA S.A.;SUZANO PETROQUIMICA S.A.
TAEE11;TAESA;TRANSMISSORA ALIANÇA DE ENERGIA ELÉTRICA S.A.
TAEE3;TAESA;TRANSMISSORA ALIANÇA DE ENERGIA ELÉTRICA S.A.
TAEE4;TAESA;TRANSMISSORA ALIANÇA DE ENERGIA ELÉTRICA S.A.
TAMM3;TAM;TAM S.A.
TAMM4;TAM;TAM S.A.
TANC4;TAM;TAM S.A.
TARP11;TARPON;TARPON INVESTMENT GROUP LTD.
TASA3;TAURUS ARMAS;TAURUS ARMAS S.A.
TASA4;TAURUS ARMAS;TAURUS ARMAS S.A.
TBLE3;ENGIE BRASIL;ENGIE BRASIL ENERGIA S.A.
TBLE5;ENGIE BRASIL;ENGIE BRASIL ENERGIA S.A.
TBLE6;ENGIE BRASIL;ENGIE BRASIL ENERGIA S.A.
TCNO3;TECNOSOLO S/A;TECNOSOLO S/A
TCNO4;TECNOSOLO S/A;TECNOSOLO S/A
TCOC3;TELE CENTRO OESTE CELULAR PARTICIP. S/A;TCO CELULAR PARTICIPAÇÕES S/A
TCOC4;TELE CENTRO OESTE CELULAR PARTICIP. S/A;TCO CELULAR PARTICIPAÇÕES S/A
TCSA3;TECNISA;TECNISA S.A.
TCSL4;TIM PARTICIPAÇÕES S.A.;TIM PARTICIPAÇÕES S.A.
TDBH3;TELEFÔNICA EMPRESAS S.A;TELEFONICA DATA BRASIL HOLDING SA
TDBH4;TELEFÔNICA EMPRESAS S.A;TELEFONICA DATA BRASIL HOLDING SA
TECN3;TECHNOS;TECHNOS S.A.
TEFC11;TELEFÓNICA;TELEFÓNICA S.A.
TEKA3;TEKA S.A.;TEKA TECELAGEM KUEHNRICH SA
TEKA4;TEKA S.A.;TEKA TECELAGEM KUEHNRICH SA
TELB3;TELEBRAS;TELEC. BRASILEIRAS S.A. - TELEBRÁS
TELB4;TELEBRAS;TELEC. BRASILEIRAS S.A. - TELEBRÁS
TEMP3;TEMPO PART;TEMPO PARTICIPACOES
TEND3;Tenda;CONSTRUTORA TENDA S/A
TENE5;TECBLU;TECBLU - TECELAGEM BLUMENAU S/A.
TENE7;TECBLU;TECBLU - TECELAGEM BLUMENAU S/A.
TERI3;TEREOS;TEREOS INTERNACIONAL S.A.
TESA3;TERRA SANTA;TERRA SANTA AGRO S.A.
TFCO4;TRACK FIELD;TRACK & FIELD CO S.A.
TGMA3;Tegma;TEGMA GESTÃO LOGÍSTICA SA
TIBR3;CRISTAL;TRONOX PIGMENTOS DO BRASIL S.A.
TIBR5;CRISTAL;TRONOX PIGMENTOS DO BRASIL S.A.
TIBR6;CRISTAL;TRONOX PIGMENTOS DO BRASIL S.A.
TIET11;AES TIETE E;AES TIETE ENERGIA SA
TIET3;AES TIETE E;AES TIETE ENERGIA SA
TIET4;AES TIETE E;AES TIETE ENERGIA SA
TIMP3;TIM PARTICIPAÇÕES S.A.;TIM PARTICIPAÇÕES S.A.
TIMS3;TIM;TIM S.A.
TKNO4;TEKNO;TEKNO S.A. CONSTR.INDÚSTRIA E COMÉRCIO
TLCP3;TELE LESTE CELULAR PARTICIPAÇÕES SA;TELE LESTE CELULAR PARTICIPAÇÕES SA
TLCP4;TELE LESTE CELULAR PARTICIPAÇÕES SA;TELE LESTE CELULAR PARTICIPAÇÕES SA
TMAR3;TELEMAR;TELEMAR NORTE LESTE SA
TMAR5;TELEMAR;TELEMAR NORTE LESTE SA
TMAR6;TELEMAR;TELEMAR NORTE LESTE SA
TMCP3;TELEMIG CELULAR PARTICIPAÇÕES S.A.;TELEMIG CELULAR PARTICIPAÇÕES S.A.
TMCP4;TELEMIG CELULAR PARTICIPAÇÕES S.A.;TELEMIG CELULAR PARTICIPAÇÕES S.A.
TMGC11;TELEMIG CELULAR;TELEMIG CELULAR SA
TMGC12;TELEMIG CELULAR;TELEMIG CELULAR SA
TMGC13;TELEMIG CELULAR;TELEMIG CELULAR SA
TMGC3;TELEMIG CELULAR;TELEMIG CELULAR SA
TMGC7;TELEMIG CELULAR;TELEMIG CELULAR SA
TNCP3;AMAZÔNIA CELULAR;TELE NORTE CELULAR PARTICIPAÇÕES SA
TNCP4;AMAZÔNIA CELULAR;TELE NORTE CELULAR PARTICIPAÇÕES SA
TNEP3;TELE NORDESTE CELULAR PARTICIPAÇÕES S.A.;TELE NORDESTE CELULAR PARTICIPAÇÕES SA
TNEP4;TELE NORDESTE CELULAR PARTICIPAÇÕES S.A.;TELE NORDESTE CELULAR PARTICIPAÇÕES SA
TNLP3;TELEMAR;TELE NORTE LESTE PARTICIPAÇÕES SA
TNLP4;TELEMAR;TELE NORTE LESTE PARTICIPAÇÕES SA
TOTS3;TOTVS;TOTVS S.A.
TOYB3;TEC TOY;TEC TOY S/A
TOYB4;TEC TOY;TEC TOY S/A
TPIS3;TRIUNFO PARTICIPACOES SA;TRIUNFO PARTICIPACOES E INVESTIMENTOS SA
TPRC3;TIM PARTICIPAÇÕES S.A.;TIM PARTICIPAÇÕES S.A.
TPRC6;TIM PARTICIPAÇÕES S.A.;TIM PARTICIPAÇÕES S.A.
TRFO3;TRAFO;TRAFO EQUIPAMENTOS ELETRICOS S.A.
TRFO4;TRAFO;TRAFO EQUIPAMENTOS ELETRICOS S.A.
TRIS3;Trisul;TRISUL S/A
TROR3;TRORION;TRORION SA
TROR4;TRORION;TRORION SA
TRPL3;TRANSMISSÃO PAULISTA;CTEEP-CIA TRANSM ENERGIA ELÉTR. PAULISTA
TRPL4;TRANSMISSÃO PAULISTA;CTEEP-CIA TRANSM ENERGIA ELÉTR. PAULISTA
TRPN3;TARPON INV;TARPON INVESTIMENTOS S.A.
TSEP3;TELE SUDESTE CELULAR PART SA;TELE SUDESTE CELULAR PARTICIPAÇÕES SA
TSEP4;TELE SUDESTE CELULAR PART SA;TELE SUDESTE CELULAR PARTICIPAÇÕES SA
TSPP3;VIVO PARTICIPAÇÕES;VIVO PARTICIPAÇÕES S/A
TSPP4;VIVO PARTICIPAÇÕES;VIVO PARTICIPAÇÕES S/A
TUPY3;TUPY;TUPY SA
TUPY4;TUPY;TUPY SA
TVIT3;TIVIT;TIVIT TERC. DE PROC., SERV. E TEC. S.A.
TXRX3;RENAUX;TEXTIL RENAUXVIEW S.A.
TXRX4;RENAUX;TEXTIL RENAUXVIEW S.A.
UBBR11;UNIBANCO SA;UNIBANCO UNIAO BANCOS BRAS SA
UBBR3;UNIBANCO SA;UNIBANCO UNIAO BANCOS BRAS SA
UBBR4;UNIBANCO SA;UNIBANCO UNIAO BANCOS BRAS SA
UCAS3;UNICASA;UNICASA INDÚSTRIA DE MÓVEIS S.A.
UCOP4;USINA COSTA PINTO S/A AÇÚCAR E ÁLCOOL;USINA COSTA PINTO SA ACUC ALC
UGPA3;ULTRAPAR PARTICIPAÇÕES SA;ULTRAPAR PARTICIPAÇÕES SA
UGPA4;ULTRAPAR PARTICIPAÇÕES SA;ULTRAPAR PARTICIPAÇÕES SA
UNIP3;UNIPAR PARTICIPAÇÕES S.A.;UNIPAR PARTICIPAÇÕES S.A.
UNIP5;UNIPAR PARTICIPAÇÕES S.A.;UNIPAR PARTICIPAÇÕES S.A.
UNIP6;UNIPAR PARTICIPAÇÕES S.A.;UNIPAR PARTICIPAÇÕES S.A.
UOLL4;UOL;UNIVERSO ONLINE SA
USIM3;USIMINAS;USINAS SIDERURGICAS DE MINAS GERAIS SA
USIM5;USIMINAS;USINAS SIDERURGICAS DE MINAS GERAIS SA
USIM6;USIMINAS;USINAS SIDERURGICAS DE MINAS GERAIS SA
VAGR3;TERRA SANTA;TERRA SANTA AGRO S.A.
VAGV3;SAVIRG;S.A. (VIACAO AEREA-RIOGRANDENSE)
VAGV4;SAVIRG;S.A. (VIACAO AEREA-RIOGRANDENSE)
VALE3;VALE;VALE S.A.
VALE5;VALE;VALE S.A.
VAMO3;VAMOS;VAMOS LOCAÇÃO DE CAMINHÕES. MÁQUINAS E EQUIP. S.A.
VCPA4;Fibria;VOTORANTIM CELULOSE E PAPEL SA
VGOR3;VIGOR;SA FABRICA PRODS ALIMCS VIGOR
VGOR4;VIGOR;SA FABRICA PRODS ALIMCS VIGOR
VIGR3;VIGOR FOOD;VIGOR ALIMENTOS S.A.
VINE3;VICUNHA TEXTIL SA;VICUNHA TEXTIL SA
VINE5;VICUNHA TEXTIL SA;VICUNHA TEXTIL SA
VIVA3;VIVARA S.A.;VIVARA PARTICIPAÇOES S.A
VIVO3;VIVO PARTICIPAÇÕES;VIVO PARTICIPAÇÕES S/A
VIVO4;VIVO PARTICIPAÇÕES;VIVO PARTICIPAÇÕES S/A
VIVR3;VIVER;VIVER INCORPORADORA E CONSTRUTORA S.A.
VIVT3;TELEF BRASIL;TELEFÔNICA BRASIL S.A
VIVT4;TELEF BRASIL;TELEFÔNICA BRASIL S.A
VLID3;VALID;VALID SOLUÇÕES E SERV. SEG. MEIOS PAG. IDENT. S.A.
VNET3;CIELO;CIELO S.A.
VPSC3;VPSC;VARIG PARTIC. EM SERVIÇOS COMPLEMENTARES
VPSC4;VPSC;VARIG PARTIC. EM SERVIÇOS COMPLEMENTARES
VPTA3;VPTA;VARIG PARTICIPAÇÕES EM TRANSP AÉREOS S/A
VPTA4;VPTA;VARIG PARTICIPAÇÕES EM TRANSP AÉREOS S/A
VSPT3;FERROVIA CENTRO-ATLÂNTICA S.A.;FERROVIA CENTRO ATLANTICA SA
VSPT4;FERROVIA CENTRO-ATLÂNTICA S.A.;FERROVIA CENTRO ATLANTICA SA
VTLM3;ADVANCED-DH;ADVANCED DIGITAL HEALTH MEDICINA PREVENTIVA S.A.
VULC3;VULCABRAS S/A.;VULCABRAS SA
VULC4;VULCABRAS S/A.;VULCABRAS SA
VVAR11;VIAVAREJO;VIA VAREJO S.A.
VVAR3;VIAVAREJO;VIA VAREJO S.A.
VVAR4;VIAVAREJO;VIA VAREJO S.A.
VVAX3;VIVAX SA;VIVAX SA
VVAX4;VIVAX SA;VIVAX SA
WEGE3;WEG SA;WEG SA
WEGE4;WEG SA;WEG SA
WEST3;WESTWING;WESTWING COMERCIO VAREJISTA S.A.
WHRL3;WHIRLPOOL S.A.;WHIRLPOOL S.A.
WHRL4;WHIRLPOOL S.A.;WHIRLPOOL S.A.
WISA3;WIEST SA;WIEST SA
WISA4;WIEST SA;WIEST SA
WIZS3;WIZ S.A.;WIZ SOLUÇÕES E CORRETAGEM DE SEGUROS S.A.
WLMM3;WLM;WLM INDÚSTRIA E COMÉRCIO S/A
WLMM4;WLM;WLM INDÚSTRIA E COMÉRCIO S/A
WMBY3;WEMBLEY SOCIEDADE ANÔNIMA;WEMBLEY SOCIEDADE ANÔNIMA
WSON33;Wilson Sons;WILSON SONS LIMITED
YDUQ3;YDUQS PART;ESTACIO PARTICIPACOES S.A.
